name,price,rating,nb_ratings,link,scrape_date
Apple iPhone 14 (128 Go) - Minuit,849.0,4.6,3037,https://www.amazon.fr/sspa/click?ie=UTF8&spc=MTo0MjYwMDA4MzIxMjc0NjAwOjE2OTI4NjY0NTE6c3BfYXRmOjIwMDc2OTU0ODk5ODk4OjowOjo&url=%2FApple-iPhone-14-128-Go%2Fdp%2FB0BDJH7J5C%2Fref%3Dsr_1_1_sspa%3F__mk_fr_FR%3D%25C3%2585M%25C3%2585%25C5%25BD%25C3%2595%25C3%2591%26crid%3DUCBRMVJMBMGK%26keywords%3DiPhone%2B14%26qid%3D1692866451%26sprefix%3Diphone%2B14%252Caps%252C74%26sr%3D8-1-spons%26sp_csd%3Dd2lkZ2V0TmFtZT1zcF9hdGY%26psc%3D1,2023-08-24 10:40:55
Apple iPhone 14 Pro (128 Go) - Noir sidéral,1109.0,4.3,2831,https://www.amazon.fr/sspa/click?ie=UTF8&spc=MTo0MjYwMDA4MzIxMjc0NjAwOjE2OTI4NjY0NTE6c3BfYXRmOjIwMDc2OTU0OTAyOTk4OjowOjo&url=%2FApple-iPhone-14-Pro-128%2Fdp%2FB0BDJ61GFY%2Fref%3Dsr_1_2_sspa%3F__mk_fr_FR%3D%25C3%2585M%25C3%2585%25C5%25BD%25C3%2595%25C3%2591%26crid%3DUCBRMVJMBMGK%26keywords%3DiPhone%2B14%26qid%3D1692866451%26sprefix%3Diphone%2B14%252Caps%252C74%26sr%3D8-2-spons%26sp_csd%3Dd2lkZ2V0TmFtZT1zcF9hdGY%26psc%3D1,2023-08-24 10:40:55
Apple iPhone 13 (128 Go) - Vert,779.0,4.6,5115,https://www.amazon.fr/sspa/click?ie=UTF8&spc=MTo0MjYwMDA4MzIxMjc0NjAwOjE2OTI4NjY0NTE6c3BfYXRmOjIwMDM1MjYwMTM4MTk4OjowOjo&url=%2FApple-iPhone-13-128-Go%2Fdp%2FB09V3KN99J%2Fref%3Dsr_1_3_sspa%3F__mk_fr_FR%3D%25C3%2585M%25C3%2585%25C5%25BD%25C3%2595%25C3%2591%26crid%3DUCBRMVJMBMGK%26keywords%3DiPhone%2B14%26qid%3D1692866451%26sprefix%3Diphone%2B14%252Caps%252C74%26sr%3D8-3-spons%26sp_csd%3Dd2lkZ2V0TmFtZT1zcF9hdGY%26psc%3D1,2023-08-24 10:40:55
Apple iPhone 13 Mini (128 Go) - Minuit,699.0,4.6,3226,https://www.amazon.fr/sspa/click?ie=UTF8&spc=MTo0MjYwMDA4MzIxMjc0NjAwOjE2OTI4NjY0NTE6c3BfYXRmOjIwMDM1MjYwMTMxMTk4OjowOjo&url=%2FApple-iPhone-13-Mini-128-Go-Minuit%2Fdp%2FB09G9GH7KC%2Fref%3Dsr_1_4_sspa%3F__mk_fr_FR%3D%25C3%2585M%25C3%2585%25C5%25BD%25C3%2595%25C3%2591%26crid%3DUCBRMVJMBMGK%26keywords%3DiPhone%2B14%26qid%3D1692866451%26sprefix%3Diphone%2B14%252Caps%252C74%26sr%3D8-4-spons%26sp_csd%3Dd2lkZ2V0TmFtZT1zcF9hdGY%26psc%3D1,2023-08-24 10:40:55
Apple iPhone 14 (128 Go) - Minuit,849.0,4.6,3037,https://www.amazon.fr/Apple-iPhone-14-128-Go/dp/B0BDJH7J5C/ref=sr_1_5?__mk_fr_FR=%C3%85M%C3%85%C5%BD%C3%95%C3%91&crid=UCBRMVJMBMGK&keywords=iPhone+14&qid=1692866451&sprefix=iphone+14%2Caps%2C74&sr=8-5,2023-08-24 10:40:55
Apple iPhone 14 128 Go Minuit,805.0,4.4,12,https://www.amazon.fr/Apple-iPhone-14-128-Reconditionn%C3%A9/dp/B0BNLXKVNQ/ref=sr_1_6?__mk_fr_FR=%C3%85M%C3%85%C5%BD%C3%95%C3%91&crid=UCBRMVJMBMGK&keywords=iPhone+14&qid=1692866451&sprefix=iphone+14%2Caps%2C74&sr=8-6,2023-08-24 10:40:55
Apple IPHONE 14 256GB Yellow EU,1417.11,,,https://www.amazon.fr/Apple-IPHONE-14-256GB-Yellow/dp/B0C5NW1MVH/ref=sr_1_7?__mk_fr_FR=%C3%85M%C3%85%C5%BD%C3%95%C3%91&crid=UCBRMVJMBMGK&keywords=iPhone+14&qid=1692866451&sprefix=iphone+14%2Caps%2C74&sr=8-7,2023-08-24 10:40:55
Apple iPhone 14 Plus (128 Go) - Bleu,922.0,4.6,1285,https://www.amazon.fr/Apple-iPhone-14-Plus-128/dp/B0BDJGM7JB/ref=sr_1_8?__mk_fr_FR=%C3%85M%C3%85%C5%BD%C3%95%C3%91&crid=UCBRMVJMBMGK&keywords=iPhone+14&qid=1692866451&sprefix=iphone+14%2Caps%2C74&sr=8-8,2023-08-24 10:40:55
Apple iPhone 14 Pro (128 Go) - Noir sidéral,1109.0,4.3,2831,https://www.amazon.fr/Apple-iPhone-14-Pro-128/dp/B0BDJ61GFY/ref=sr_1_9?__mk_fr_FR=%C3%85M%C3%85%C5%BD%C3%95%C3%91&crid=UCBRMVJMBMGK&keywords=iPhone+14&qid=1692866451&sprefix=iphone+14%2Caps%2C74&sr=8-9,2023-08-24 10:40:55
Apple iPhone 14 Plus (128 Go) - Mauve (Reconditionné),749.0,4.0,20,https://www.amazon.fr/Apple-iPhone-Plus-128-Reconditionn%C3%A9/dp/B0BNMC7723/ref=sr_1_10?__mk_fr_FR=%C3%85M%C3%85%C5%BD%C3%95%C3%91&crid=UCBRMVJMBMGK&keywords=iPhone+14&qid=1692866451&sprefix=iphone+14%2Caps%2C74&sr=8-10,2023-08-24 10:40:55
Apple iPhone 13 (128 Go) - Vert,779.0,4.6,5115,https://www.amazon.fr/Apple-iPhone-13-128-Go/dp/B09V3KN99J/ref=sr_1_11?__mk_fr_FR=%C3%85M%C3%85%C5%BD%C3%95%C3%91&crid=UCBRMVJMBMGK&keywords=iPhone+14&qid=1692866451&sprefix=iphone+14%2Caps%2C74&sr=8-11,2023-08-24 10:40:55
Apple iPhone 14 Pro Max (256 Go) - Noir sidéral,1505.0,4.5,2980,https://www.amazon.fr/Apple-iPhone-Pro-Max-256/dp/B0BDJMH6JP/ref=sr_1_12?__mk_fr_FR=%C3%85M%C3%85%C5%BD%C3%95%C3%91&crid=UCBRMVJMBMGK&keywords=iPhone+14&qid=1692866451&sprefix=iphone+14%2Caps%2C74&sr=8-12,2023-08-24 10:40:56
"Apple iPhone 12, 128Go, Noir - (Reconditionné)",478.0,3.8,3592,https://www.amazon.fr/Apple-iPhone-128Go-Noir-Reconditionn%C3%A9/dp/B08PCGL5TH/ref=sr_1_13?__mk_fr_FR=%C3%85M%C3%85%C5%BD%C3%95%C3%91&crid=UCBRMVJMBMGK&keywords=iPhone+14&qid=1692866451&sprefix=iphone+14%2Caps%2C74&sr=8-13,2023-08-24 10:40:56
Apple iPhone 14 Pro 128 Go Noir Sideral,1009.0,5.0,3,https://www.amazon.fr/Apple-iPhone-Pro-128-Reconditionn%C3%A9/dp/B0BNLZ9G4N/ref=sr_1_14?__mk_fr_FR=%C3%85M%C3%85%C5%BD%C3%95%C3%91&crid=UCBRMVJMBMGK&keywords=iPhone+14&qid=1692866451&sprefix=iphone+14%2Caps%2C74&sr=8-14,2023-08-24 10:40:56
"Apple iPhone 13, 128Go, Lumière stellaire - (Reconditionné)",629.0,2.9,7,https://www.amazon.fr/Apple-iPhone-128Go-Lumi%C3%A8re-stellaire/dp/B09MJSTPYZ/ref=sr_1_15?__mk_fr_FR=%C3%85M%C3%85%C5%BD%C3%95%C3%91&crid=UCBRMVJMBMGK&keywords=iPhone+14&qid=1692866451&sprefix=iphone+14%2Caps%2C74&sr=8-15,2023-08-24 10:40:56
"QHOHQ 3 Pièces Verre Trempé pour iPhone 14/iPhone 13 6.1"" avec 3 Pièces Caméra Arrière Protecteur, Ultra Résistant Film Protection écran, 9H Dureté, HD, Anti-Rayures, Sans Bulles, Installation Facile",9.99,4.5,36343,https://www.amazon.fr/QHOHQ-iPhone-13-6-1-Anti-Rayures/dp/B09BZRM3RV/ref=sr_1_16?__mk_fr_FR=%C3%85M%C3%85%C5%BD%C3%95%C3%91&crid=UCBRMVJMBMGK&keywords=iPhone+14&qid=1692866451&sprefix=iphone+14%2Caps%2C74&sr=8-16,2023-08-24 10:40:56
Apple IPHONE 14 Pro Max 512GB Silver,1749.0,,,https://www.amazon.fr/Apple-IPHONE-Pro-512GB-Silver/dp/B0C3VX45TT/ref=sr_1_17?__mk_fr_FR=%C3%85M%C3%85%C5%BD%C3%95%C3%91&crid=UCBRMVJMBMGK&keywords=iPhone+14&qid=1692866451&sprefix=iphone+14%2Caps%2C74&sr=8-17,2023-08-24 10:40:56
"JETech Verre Trempé pour iPhone 14 6,1 Pouces avec Protecteur d'Objectif de Caméra, Couverture Complète, Film Protection Écran, HD Transparent, 2 Pièces Chacun",10.99,4.5,7533,https://www.amazon.fr/JETech-Protecteur-Couverture-Protection-Transparent/dp/B0B8J8GPL5/ref=sr_1_18?__mk_fr_FR=%C3%85M%C3%85%C5%BD%C3%95%C3%91&crid=UCBRMVJMBMGK&keywords=iPhone+14&qid=1692866451&sprefix=iphone+14%2Caps%2C74&sr=8-18,2023-08-24 10:40:56
"Apple iPhone 12, 128Go, Mauve (Reconditionné)",488.0,4.1,118,https://www.amazon.fr/Apple-iPhone-128Go-Mauve-Reconditionn%C3%A9/dp/B09CLGDGTL/ref=sr_1_19?__mk_fr_FR=%C3%85M%C3%85%C5%BD%C3%95%C3%91&crid=UCBRMVJMBMGK&keywords=iPhone+14&qid=1692866451&sprefix=iphone+14%2Caps%2C74&sr=8-19,2023-08-24 10:40:56
"Apple iPhone 12 Pro Max 17 cm (6.7"") 256 Go Double SIM 5G Bleu iOS 14 iPhone 12 Pro Max, 17 cm (6.7""), 2778 x 1284 Pixels, 256 Go, 12 MP, iOS 14, Bleu",,4.8,740,https://www.amazon.fr/Apple-iPhone-Double-Bleu-Pixels/dp/B08L5TF4D4/ref=sr_1_20?__mk_fr_FR=%C3%85M%C3%85%C5%BD%C3%95%C3%91&crid=UCBRMVJMBMGK&keywords=iPhone+14&qid=1692866451&sprefix=iphone+14%2Caps%2C74&sr=8-20,2023-08-24 10:40:56
"ivoler 4 en 1 Coque pour iPhone 14 6.1 Pouces avec 3 Pièces Verre Trempé, Transparent [Conception de Caméra Protection] Étui de Protection en Silicone Antichoc, Souple TPU Anti-Rayures Bumper Housse",10.19,4.7,2116,https://www.amazon.fr/ivoler-Transparent-Protection-Silicone-Anti-Rayures/dp/B09WKHGQG8/ref=sr_1_21?__mk_fr_FR=%C3%85M%C3%85%C5%BD%C3%95%C3%91&crid=UCBRMVJMBMGK&keywords=iPhone+14&qid=1692866451&sprefix=iphone+14%2Caps%2C74&sr=8-21,2023-08-24 10:40:56
"SPARIN 3 Pièces Verre Trempé Compatible avec iPhone 14 / iPhone 13 / iPhone 13 Pro Protection écran, iPhone 14 6.1 Pouces Vitre Protecteur, sans Bulles, 9H Dureté",6.99,4.5,3613,https://www.amazon.fr/SPARIN-Compatible-Protection-Protecteur-Dalignement/dp/B09CCYVDK3/ref=sr_1_22?__mk_fr_FR=%C3%85M%C3%85%C5%BD%C3%95%C3%91&crid=UCBRMVJMBMGK&keywords=iPhone+14&qid=1692866451&sprefix=iphone+14%2Caps%2C74&sr=8-22,2023-08-24 10:40:56
"Apple iPhone 12 Pro Max, 256GB, Bleu Pacifique - (Reconditionné)",728.99,3.9,2232,https://www.amazon.fr/Apple-iPhone-256GB-Bleu-Pacifique/dp/B08PCD1YDK/ref=sr_1_23?__mk_fr_FR=%C3%85M%C3%85%C5%BD%C3%95%C3%91&crid=UCBRMVJMBMGK&keywords=iPhone+14&qid=1692866451&sprefix=iphone+14%2Caps%2C74&sr=8-23,2023-08-24 10:40:57
Apple iPhone 13 (128 Go) - Rose,629.0,4.7,350,https://www.amazon.fr/Apple-iPhone-13-128-Go/dp/B09G99YSFG/ref=sr_1_24?__mk_fr_FR=%C3%85M%C3%85%C5%BD%C3%95%C3%91&crid=UCBRMVJMBMGK&keywords=iPhone+14&qid=1692866451&sprefix=iphone+14%2Caps%2C74&sr=8-24,2023-08-24 10:40:57
"Apple iPhone 13, 128GB, Vert - (Reconditionné)",682.0,4.3,46,https://www.amazon.fr/Apple-iPhone-128GB-Vert-Reconditionn%C3%A9/dp/B0BBPGSSFZ/ref=sr_1_25?__mk_fr_FR=%C3%85M%C3%85%C5%BD%C3%95%C3%91&crid=UCBRMVJMBMGK&keywords=iPhone+14&qid=1692866451&sprefix=iphone+14%2Caps%2C74&sr=8-25,2023-08-24 10:40:57
"OUKITEL WP23 Téléphone Incassable, Android 13, 7Go RAM+64 Go ROM/SD 1TO, Batterie 10600mAh, Écran 6.517"" HD+, Telephone Portable Incassable 4G, Caméra 13MP, Dual SIM/NFC/Fingerprint/Face ID/GPS, Noir",159.99,4.1,209,https://www.amazon.fr/OUKITEL-WP23-T%C3%A9l%C3%A9phone-Incassable-Fingerprint/dp/B0C1SJ9LGX/ref=sr_1_26?__mk_fr_FR=%C3%85M%C3%85%C5%BD%C3%95%C3%91&crid=UCBRMVJMBMGK&keywords=iPhone+14&qid=1692866451&sprefix=iphone+14%2Caps%2C74&sr=8-26,2023-08-24 10:40:57
Apple iPhone 11 Pro Max 256Go Vert Nuit (Reconditionné),578.0,4.4,6363,https://www.amazon.fr/Apple-iPhone-256GB-Vert-Reconditionn%C3%A9/dp/B0821HJMX5/ref=sr_1_27?__mk_fr_FR=%C3%85M%C3%85%C5%BD%C3%95%C3%91&crid=UCBRMVJMBMGK&keywords=iPhone+14&qid=1692866451&sprefix=iphone+14%2Caps%2C74&sr=8-27,2023-08-24 10:40:57
Apple iPhone 13 Mini (128 Go) - Rose,755.0,4.6,3226,https://www.amazon.fr/Apple-iPhone-13-Mini-128-Go-Rose/dp/B09G91MMPR/ref=sr_1_28?__mk_fr_FR=%C3%85M%C3%85%C5%BD%C3%95%C3%91&crid=UCBRMVJMBMGK&keywords=iPhone+14&qid=1692866451&sprefix=iphone+14%2Caps%2C74&sr=8-28,2023-08-24 10:40:57
Apple iPhone 13 (128 Go) - Bleu (Comprend EarPods),,4.7,1140,https://www.amazon.fr/Apple-iPhone-13-128-Go-Comprend-EarPods/dp/B09G9171GV/ref=sr_1_29?__mk_fr_FR=%C3%85M%C3%85%C5%BD%C3%95%C3%91&crid=UCBRMVJMBMGK&keywords=iPhone+14&qid=1692866451&sprefix=iphone+14%2Caps%2C74&sr=8-29,2023-08-24 10:40:57
"Samsung Galaxy A14 16,8 cm (6.6"") SIM Doble 4G USB Tipo C 4 GB 128 GB 5000 mAh Negro",153.12,4.3,241,https://www.amazon.fr/Samsung-Galaxy-Doble-Tipo-Negro/dp/B0BZM3VXJC/ref=sr_1_30?__mk_fr_FR=%C3%85M%C3%85%C5%BD%C3%95%C3%91&crid=UCBRMVJMBMGK&keywords=iPhone+14&qid=1692866451&sprefix=iphone+14%2Caps%2C74&sr=8-30,2023-08-24 10:40:57
Apple iPhone 14 Pro Max 128 Go Noir Sideral,,3.9,8,https://www.amazon.fr/Apple-iPhone-Pro-Max-Reconditionn%C3%A9/dp/B0BNLZCPZ3/ref=sr_1_31?__mk_fr_FR=%C3%85M%C3%85%C5%BD%C3%95%C3%91&crid=UCBRMVJMBMGK&keywords=iPhone+14&qid=1692866451&sprefix=iphone+14%2Caps%2C74&sr=8-31,2023-08-24 10:40:57
"Dpofirs Smartphone I14pro Max 4G sans Contrat Pas Cher, Téléphone Portable Android 11 4 Go + 64 Go avec écran IPS HD de 6,1 Pouces et Batterie 4000 MAh, Appareil Photo 8 MP + 16 MP, Téléphones(Or)",138.94,3.0,2,https://www.amazon.fr/Dpofirs-Smartphone-T%C3%A9l%C3%A9phone-Portable-T%C3%A9l%C3%A9phones/dp/B0B5VRWCBH/ref=sr_1_32?__mk_fr_FR=%C3%85M%C3%85%C5%BD%C3%95%C3%91&crid=UCBRMVJMBMGK&keywords=iPhone+14&qid=1692866451&sprefix=iphone+14%2Caps%2C74&sr=8-32,2023-08-24 10:40:57
"I14 ProMax Smartphones Android 12 Débloqués, Téléphones Portables 4G GSM Débloqués 4 Go de RAM 128 Go ROM 4000 MAh Téléphone Portable Débloqué avec 6,7 Pouces HD + Grand écran(Bleu)",117.54,3.6,3,https://www.amazon.fr/Smartphones-D%C3%A9bloqu%C3%A9s-T%C3%A9l%C3%A9phones-Portables-T%C3%A9l%C3%A9phone/dp/B0BJF8FLWV/ref=sr_1_33?__mk_fr_FR=%C3%85M%C3%85%C5%BD%C3%95%C3%91&crid=UCBRMVJMBMGK&keywords=iPhone+14&qid=1692866451&sprefix=iphone+14%2Caps%2C74&sr=8-33,2023-08-24 10:40:57
Samsung Galaxy A14 4G 64GB Silver,173.36,4.3,119,https://www.amazon.fr/Samsung-Galaxy-A14-64GB-Silver/dp/B0BYWB57SR/ref=sr_1_34?__mk_fr_FR=%C3%85M%C3%85%C5%BD%C3%95%C3%91&crid=UCBRMVJMBMGK&keywords=iPhone+14&qid=1692866451&sprefix=iphone+14%2Caps%2C74&sr=8-34,2023-08-24 10:40:57
"JETech Protection D'écran Anti-Espion pour iPhone 14 6,1 Pouces, Film en Verre Trempé, Lot de 2",11.99,4.5,2056,https://www.amazon.fr/JETech-Protection-D%C3%A9cran-Anti-Espion-iPhone/dp/B0B8C2WVJM/ref=sr_1_35?__mk_fr_FR=%C3%85M%C3%85%C5%BD%C3%95%C3%91&crid=UCBRMVJMBMGK&keywords=iPhone+14&qid=1692866451&sprefix=iphone+14%2Caps%2C74&sr=8-35,2023-08-24 10:40:58
Apple IPHONE 14 128GB (Product) Red EU,,,,https://www.amazon.fr/Apple-IPHONE-128GB-Product-Red/dp/B0C25SVHX2/ref=sr_1_36?__mk_fr_FR=%C3%85M%C3%85%C5%BD%C3%95%C3%91&crid=UCBRMVJMBMGK&keywords=iPhone+14&qid=1692866451&sprefix=iphone+14%2Caps%2C74&sr=8-36,2023-08-24 10:40:58
"Apple iPhone 13 Pro, 128Go, Or - (Reconditionné)",805.0,4.0,58,https://www.amazon.fr/Apple-iPhone-Pro-128Go-Reconditionn%C3%A9/dp/B09MJTY3XT/ref=sr_1_37?__mk_fr_FR=%C3%85M%C3%85%C5%BD%C3%95%C3%91&crid=UCBRMVJMBMGK&keywords=iPhone+14&qid=1692866451&sprefix=iphone+14%2Caps%2C74&sr=8-37,2023-08-24 10:40:58
Apple iPhone X 64Go Argent (Reconditionné),269.0,3.9,10938,https://www.amazon.fr/Apple-iPhone-Argent-Reconditionn%C3%A9-Certifi%C3%A9/dp/B0798LTQVX/ref=sr_1_38?__mk_fr_FR=%C3%85M%C3%85%C5%BD%C3%95%C3%91&crid=UCBRMVJMBMGK&keywords=iPhone+14&qid=1692866451&sprefix=iphone+14%2Caps%2C74&sr=8-38,2023-08-24 10:40:58
"JETech Coque Mat pour iPhone 14 6,1 Pouces, Protection Antichoc Qualité Militaire, Étui Housse Arrière Translucide Givrée, Anti-Empreintes Digitales (Noir)",11.99,4.6,1395,https://www.amazon.fr/JETech-Protection-Militaire-Translucide-Anti-Empreintes/dp/B0BCNZ8JSL/ref=sr_1_39?__mk_fr_FR=%C3%85M%C3%85%C5%BD%C3%95%C3%91&crid=UCBRMVJMBMGK&keywords=iPhone+14&qid=1692866451&sprefix=iphone+14%2Caps%2C74&sr=8-39,2023-08-24 10:40:58
"Apple iPhone 11, 64Go, Blanc (Reconditionné)",357.0,3.8,569,https://www.amazon.fr/Apple-iPhone-11-Premium-Reconditionn%C3%A9/dp/B082DK377L/ref=sr_1_40?__mk_fr_FR=%C3%85M%C3%85%C5%BD%C3%95%C3%91&crid=UCBRMVJMBMGK&keywords=iPhone+14&qid=1692866451&sprefix=iphone+14%2Caps%2C74&sr=8-40,2023-08-24 10:40:58
"JETech Coque Magnétique pour iPhone 14 6,1 Pouces Compatible avec MagSafe Recharge sans Fil, Étui Housse de Téléphone Antichoc, Dos Transparente Anti-Rayures (Transparente)",14.99,4.6,1059,https://www.amazon.fr/JETech-Magn%C3%A9tique-Compatible-Transparente-Anti-Rayures/dp/B0B8WXL1C7/ref=sr_1_41?__mk_fr_FR=%C3%85M%C3%85%C5%BD%C3%95%C3%91&crid=UCBRMVJMBMGK&keywords=iPhone+14&qid=1692866451&sprefix=iphone+14%2Caps%2C74&sr=8-41,2023-08-24 10:40:58
Spigen Ultra Hybrid Coque pour iPhone 14 [Anti-Jaunissement] - Bleu Sierra,14.99,4.6,4144,https://www.amazon.fr/Spigen-Ultra-Hybrid-iPhone-Anti-Jaunissement/dp/B0BG6MMNX5/ref=sr_1_42?__mk_fr_FR=%C3%85M%C3%85%C5%BD%C3%95%C3%91&crid=UCBRMVJMBMGK&keywords=iPhone+14&qid=1692866451&sprefix=iphone+14%2Caps%2C74&sr=8-42,2023-08-24 10:40:58
"Apple iPhone 12 Pro, 128GB, Or - (Reconditionné)",574.0,4.0,2974,https://www.amazon.fr/Apple-iPhone-Pro-128GB-Reconditionn%C3%A9/dp/B08PCD292R/ref=sr_1_43?__mk_fr_FR=%C3%85M%C3%85%C5%BD%C3%95%C3%91&crid=UCBRMVJMBMGK&keywords=iPhone+14&qid=1692866451&sprefix=iphone+14%2Caps%2C74&sr=8-43,2023-08-24 10:40:58
"Apple iPhone 13 Pro Max, 128Go, Graphite - (Reconditionné)",878.0,4.2,128,https://www.amazon.fr/Apple-iPhone-128Go-Graphite-Reconditionn%C3%A9/dp/B09MJT13PW/ref=sr_1_44?__mk_fr_FR=%C3%85M%C3%85%C5%BD%C3%95%C3%91&crid=UCBRMVJMBMGK&keywords=iPhone+14&qid=1692866451&sprefix=iphone+14%2Caps%2C74&sr=8-44,2023-08-24 10:40:58
"JETech Coque Magnétique pour iPhone 14 6,1 Pouces Compatible avec MagSafe, Etui Translucide Mat Arrière Housse Fine Antichoc (Noir)",15.99,4.6,750,https://www.amazon.fr/JETech-Magn%C3%A9tique-Compatible-Translucide-Antichoc/dp/B0BX8PR1KT/ref=sr_1_45?__mk_fr_FR=%C3%85M%C3%85%C5%BD%C3%95%C3%91&crid=UCBRMVJMBMGK&keywords=iPhone+14&qid=1692866451&sprefix=iphone+14%2Caps%2C74&sr=8-45,2023-08-24 10:40:58
"Apple iPhone 11, 64Go, Noir (Reconditionné)",340.0,3.8,2377,https://www.amazon.fr/Apple-iPhone-11-Premium-Reconditionn%C3%A9/dp/B082P6M3HC/ref=sr_1_46?__mk_fr_FR=%C3%85M%C3%85%C5%BD%C3%95%C3%91&crid=UCBRMVJMBMGK&keywords=iPhone+14&qid=1692866451&sprefix=iphone+14%2Caps%2C74&sr=8-46,2023-08-24 10:40:58
Apple Iphone Xr 64Go Jaune (Reconditionné),287.0,4.0,8705,https://www.amazon.fr/Apple-iPhone-XR-64-Jaune-Reconditionn%C3%A9/dp/B07N9N5NK3/ref=sr_1_47?__mk_fr_FR=%C3%85M%C3%85%C5%BD%C3%95%C3%91&crid=UCBRMVJMBMGK&keywords=iPhone+14&qid=1692866451&sprefix=iphone+14%2Caps%2C74&sr=8-47,2023-08-24 10:40:58
Apple iPhone 13 (256 Go) - Bleu,913.0,4.7,254,https://www.amazon.fr/Apple-MLQA3ZD-A-iPhone-13-256-Go/dp/B09G941YXC/ref=sr_1_48?__mk_fr_FR=%C3%85M%C3%85%C5%BD%C3%95%C3%91&crid=UCBRMVJMBMGK&keywords=iPhone+14&qid=1692866451&sprefix=iphone+14%2Caps%2C74&sr=8-48,2023-08-24 10:40:59
"Générique I14 Pro Max 4G Smartphone débloqué,16GB,48MP+108MP Dual Camera, 7.3"" HD+ Display, Dual SIM Free Mobile Phone, Slim Design, GPS Unlock Fingerprint,Gold-EU",,,,https://www.amazon.fr/G%C3%A9n%C3%A9rique-Smartphone-d%C3%A9bloqu%C3%A9-Display-Fingerprint/dp/B0BXNBCYJQ/ref=sr_1_49?__mk_fr_FR=%C3%85M%C3%85%C5%BD%C3%95%C3%91&crid=UCBRMVJMBMGK&keywords=iPhone+14&qid=1692866451&sprefix=iphone+14%2Caps%2C74&sr=8-49,2023-08-24 10:40:59
"Téléphones Portables Déverrouillés i14 Pro Max, Smartphones Déverrouillés Plein écran de 6,7 Pouces, 2 Go 16 Go, Ultra Légers, Emplacements pour Cartes Doubles, Téléphones Doubles SIM,(EU)",116.67,1.0,1,https://www.amazon.fr/T%C3%A9l%C3%A9phones-Portables-D%C3%A9verrouill%C3%A9s-Smartphones-Emplacements/dp/B0BK1PM53P/ref=sr_1_50?__mk_fr_FR=%C3%85M%C3%85%C5%BD%C3%95%C3%91&crid=UCBRMVJMBMGK&keywords=iPhone+14&qid=1692866451&sprefix=iphone+14%2Caps%2C74&sr=8-50,2023-08-24 10:40:59
Apple iPhone 11 64GB Mauve (Reconditionné),365.0,3.9,2805,https://www.amazon.fr/Apple-iPhone-64GB-Mauve-Reconditionn%C3%A9/dp/B081YJH3SW/ref=sr_1_51?__mk_fr_FR=%C3%85M%C3%85%C5%BD%C3%95%C3%91&crid=UCBRMVJMBMGK&keywords=iPhone+14&qid=1692866451&sprefix=iphone+14%2Caps%2C74&sr=8-51,2023-08-24 10:40:59
"Apple reconditionné débloqué, Ip13 Pro Max 6,1 Pouces Smartphone à écran HD 3 Go 32 Go Téléphone Portable Double Sim avec Caméra HD Avant et Arrière pour Android (Wathet)",72.69,1.0,5,https://www.amazon.fr/reconditionn%C3%A9-d%C3%A9bloqu%C3%A9-Smartphone-T%C3%A9l%C3%A9phone-Portable/dp/B0C9QSDWX1/ref=sr_1_52?__mk_fr_FR=%C3%85M%C3%85%C5%BD%C3%95%C3%91&crid=UCBRMVJMBMGK&keywords=iPhone+14&qid=1692866451&sprefix=iphone+14%2Caps%2C74&sr=8-52,2023-08-24 10:40:59
"Ulefone Smartphone Pas Cher, Note 6 Android 11 6,1Pouce 32Go+1Go 128 Go Extensible 3300mAh Face ID 5MP Caméra 3G Telephone Portable Debloque Pas Cher Double Nano SIM 2Ans Garantie (Violet)",79.99,3.7,1795,https://www.amazon.fr/sspa/click?ie=UTF8&spc=MTo0MjYwMDA4MzIxMjc0NjAwOjE2OTI4NjY0NTE6c3BfYnRmOjMwMDAzMTQwOTg2MzkzMjo6MDo6&url=%2FUlefone-Smartphone-Note-Extensible-Telephone%2Fdp%2FB0BCJPCS1P%2Fref%3Dsr_1_53_sspa%3F__mk_fr_FR%3D%25C3%2585M%25C3%2585%25C5%25BD%25C3%2595%25C3%2591%26crid%3DUCBRMVJMBMGK%26keywords%3DiPhone%2B14%26qid%3D1692866451%26sprefix%3Diphone%2B14%252Caps%252C74%26sr%3D8-53-spons%26sp_csd%3Dd2lkZ2V0TmFtZT1zcF9idGY%26psc%3D1,2023-08-24 10:40:59
"OSCAL Telephone Portable 10GB+128GB/1TB Extensible, C70 Smartphone, Android 12 Mobile, Octa-Core Téléphone,50MP+8MP, 5180mAh, 6.56"" HD+, 4G Dual SIM Phone Mobile, Type-C, Face ID, Fingerprint",109.99,4.0,213,https://www.amazon.fr/sspa/click?ie=UTF8&spc=MTo0MjYwMDA4MzIxMjc0NjAwOjE2OTI4NjY0NTE6c3BfYnRmOjMwMDAzNzc3ODQwNTAzMjo6MDo6&url=%2FOSCAL-Extensible-C70-Smartphone-Fingerprint%2Fdp%2FB0BLS4483K%2Fref%3Dsr_1_54_sspa%3F__mk_fr_FR%3D%25C3%2585M%25C3%2585%25C5%25BD%25C3%2595%25C3%2591%26crid%3DUCBRMVJMBMGK%26keywords%3DiPhone%2B14%26qid%3D1692866451%26sprefix%3Diphone%2B14%252Caps%252C74%26sr%3D8-54-spons%26sp_csd%3Dd2lkZ2V0TmFtZT1zcF9idGY%26psc%3D1,2023-08-24 10:40:59
"Ulefone Smartphone Pas Cher 4G, 8Go+64Go Android 12 Note 14 Ecran Waterdrop 6,52"" Caméras13MP, 4500mAh Face ID,OTG,5G WiFi/Volte/GPS / 2Ans Garantie Telephone Portable Pas Cher(Violet)",99.99,4.2,219,https://www.amazon.fr/sspa/click?ie=UTF8&spc=MTo0MjYwMDA4MzIxMjc0NjAwOjE2OTI4NjY0NTE6c3BfYnRmOjMwMDAzMTQwOTg2NDMzMjo6MDo6&url=%2FUlefone-Smartphone-Note-14-Cam%25C3%25A9ras13MP%2Fdp%2FB0BHQX2GNC%2Fref%3Dsr_1_55_sspa%3F__mk_fr_FR%3D%25C3%2585M%25C3%2585%25C5%25BD%25C3%2595%25C3%2591%26crid%3DUCBRMVJMBMGK%26keywords%3DiPhone%2B14%26qid%3D1692866451%26sprefix%3Diphone%2B14%252Caps%252C74%26sr%3D8-55-spons%26sp_csd%3Dd2lkZ2V0TmFtZT1zcF9idGY%26psc%3D1,2023-08-24 10:40:59
"Ulefone ARMOR 21 Android 13 Smartphone Incassable, Infinite Halo, 122dB Haut-Parleur, 9600mAh Batterie, 64MP+24MP Caméra, 16Go+256Go, 6,58"" FHD+120Hz, Téléphone Étanche IP68,Port pour 3 Cartes NFC GPS",329.99,5.0,10,https://www.amazon.fr/sspa/click?ie=UTF8&spc=MTo0MjYwMDA4MzIxMjc0NjAwOjE2OTI4NjY0NTE6c3BfYnRmOjMwMDAwNjY4ODc4NDMzMjo6MDo6&url=%2FUlefone-ARMOR-21-Smartphone-Haut-Parleur%2Fdp%2FB0C5ZNHJGC%2Fref%3Dsr_1_56_sspa%3F__mk_fr_FR%3D%25C3%2585M%25C3%2585%25C5%25BD%25C3%2595%25C3%2591%26crid%3DUCBRMVJMBMGK%26keywords%3DiPhone%2B14%26qid%3D1692866451%26sprefix%3Diphone%2B14%252Caps%252C74%26sr%3D8-56-spons%26sp_csd%3Dd2lkZ2V0TmFtZT1zcF9idGY%26psc%3D1,2023-08-24 10:40:59
"OUKITEL WP23 Téléphone Incassable, Android 13, 7Go RAM+64 Go ROM/SD 1TO, Batterie 10600mAh, Écran 6.517"" HD+, Telephone Portable Incassable 4G, Caméra 13MP, Dual SIM/NFC/Fingerprint/Face ID/GPS, Noir",159.99,4.1,209,https://www.amazon.fr/sspa/click?ie=UTF8&spc=MTo0MjYwMDA4MzIxMjc0NjAwOjE2OTI4NjY0NTE6c3BfYnRmOjIwMTU4MjUwMDc3MTk4OjowOjo&url=%2FOUKITEL-WP23-T%25C3%25A9l%25C3%25A9phone-Incassable-Fingerprint%2Fdp%2FB0C1SJ9LGX%2Fref%3Dsr_1_57_sspa%3F__mk_fr_FR%3D%25C3%2585M%25C3%2585%25C5%25BD%25C3%2595%25C3%2591%26crid%3DUCBRMVJMBMGK%26keywords%3DiPhone%2B14%26qid%3D1692866451%26sprefix%3Diphone%2B14%252Caps%252C74%26sr%3D8-57-spons%26sp_csd%3Dd2lkZ2V0TmFtZT1zcF9idGY%26psc%3D1,2023-08-24 10:40:59
"Ulefone Android 13 Téléphone Incassable Armor X11, Batterie 8150mAh, Emplacement pour 3 Cartes, Caméra sous-Marine 16MP, Helio A22 8Go+32Go, 5,45"" Smartphone Etanche IP68, Dual SIM, Dual SIM NFC",148.9,5.0,1,https://www.amazon.fr/sspa/click?ie=UTF8&spc=MTo0MjYwMDA4MzIxMjc0NjAwOjE2OTI4NjY0NTE6c3BfYnRmOjMwMDAwMDQ2NTg0ODIzMjo6MDo6&url=%2FUlefone-Incassable-X11-Emplacement-sous-Marine%2Fdp%2FB0C5ZJRSWM%2Fref%3Dsr_1_58_sspa%3F__mk_fr_FR%3D%25C3%2585M%25C3%2585%25C5%25BD%25C3%2595%25C3%2591%26crid%3DUCBRMVJMBMGK%26keywords%3DiPhone%2B14%26qid%3D1692866451%26sprefix%3Diphone%2B14%252Caps%252C74%26sr%3D8-58-spons%26sp_csd%3Dd2lkZ2V0TmFtZT1zcF9idGY%26psc%3D1,2023-08-24 10:40:59
"OSCAL Telephone Portable(2023), C30 Smartphone Pas Cher, 7GO RAM+256Go ROM Extensible, Téléphone Portable avec 6,5"" HD+ Écran, Caméras 12+5MP, Batterie 5080 mAh, Android 12,Face ID/OTG",79.41,4.6,80,https://www.amazon.fr/sspa/click?ie=UTF8&spc=MTo0MjYwMDA4MzIxMjc0NjAwOjE2OTI4NjY0NTE6c3BfYnRmOjMwMDAzMTM3MzQ2MjkzMjo6MDo6&url=%2FOSCAL-Telephone-C30-Smartphone-Extensible%2Fdp%2FB0BZTYRLZ5%2Fref%3Dsr_1_59_sspa%3F__mk_fr_FR%3D%25C3%2585M%25C3%2585%25C5%25BD%25C3%2595%25C3%2591%26crid%3DUCBRMVJMBMGK%26keywords%3DiPhone%2B14%26qid%3D1692866451%26sprefix%3Diphone%2B14%252Caps%252C74%26sr%3D8-59-spons%26sp_csd%3Dd2lkZ2V0TmFtZT1zcF9idGY%26psc%3D1,2023-08-24 10:40:59
"OSCAL Telephone Portable (8Go+128Go), Android 12 Smartphone Débloqués, 6.5"" 90Hz Écran,50MP Caméra, 4G Dual SIM Telephone Portable Pas Cher,18W Rapide Charge 5180mAh Batterie, OTG/GPS",119.99,3.7,83,https://www.amazon.fr/sspa/click?ie=UTF8&spc=MTo0MjYwMDA4MzIxMjc0NjAwOjE2OTI4NjY0NTE6c3BfYnRmOjIwMTU3Mzc2MjU3NTk4OjowOjo&url=%2FOSCAL-Telephone-Portable-Smartphone-D%25C3%25A9bloqu%25C3%25A9s%2Fdp%2FB0BR3NRDTS%2Fref%3Dsr_1_60_sspa%3F__mk_fr_FR%3D%25C3%2585M%25C3%2585%25C5%25BD%25C3%2595%25C3%2591%26crid%3DUCBRMVJMBMGK%26keywords%3DiPhone%2B14%26qid%3D1692866451%26sprefix%3Diphone%2B14%252Caps%252C74%26sr%3D8-60-spons%26sp_csd%3Dd2lkZ2V0TmFtZT1zcF9idGY%26psc%3D1,2023-08-24 10:40:59
"MOONTERGEER I14 Pro Max Téléphone Portable 4GB + 64GB, écran 7.3"", Smartphone Android 10, téléphone Mobile 50MP+108MP, 8000 mAh (Color : Purple)",106.0,2.0,1,https://www.amazon.fr/sspa/click?ie=UTF8&spc=MToyMDUxOTA2OTg5MDk3NjAwOjE2OTI4NjY0NjI6c3BfYXRmX25leHQ6MzAwMDE2MjE2ODA0NjMyOjowOjo&url=%2FMOONTERGEER-T%25C3%25A9l%25C3%25A9phone-Portable-Smartphone-t%25C3%25A9l%25C3%25A9phone%2Fdp%2FB0CBPSBZHF%2Fref%3Dsr_1_49_sspa%3F__mk_fr_FR%3D%25C3%2585M%25C3%2585%25C5%25BD%25C3%2595%25C3%2591%26crid%3DUCBRMVJMBMGK%26keywords%3DiPhone%2B14%26qid%3D1692866462%26sprefix%3Diphone%2B14%252Caps%252C74%26sr%3D8-49-spons%26sp_csd%3Dd2lkZ2V0TmFtZT1zcF9hdGZfbmV4dA%26psc%3D1,2023-08-24 10:41:03
"Ulefone Smartphone Pas Cher, Note 6 Android 11 6,1Pouce 32Go+1Go 128 Go Extensible 3300mAh Face ID 5MP Caméra 3G Telephone Portable Debloque Pas Cher Double Nano SIM 2Ans Garantie (Vert)",79.99,3.7,1795,https://www.amazon.fr/sspa/click?ie=UTF8&spc=MToyMDUxOTA2OTg5MDk3NjAwOjE2OTI4NjY0NjI6c3BfYXRmX25leHQ6MzAwMDMxNDA5ODYzODMyOjowOjo&url=%2FUlefone-Smartphone-Note-Extensible-Telephone%2Fdp%2FB0BCJTV42Q%2Fref%3Dsr_1_50_sspa%3F__mk_fr_FR%3D%25C3%2585M%25C3%2585%25C5%25BD%25C3%2595%25C3%2591%26crid%3DUCBRMVJMBMGK%26keywords%3DiPhone%2B14%26qid%3D1692866462%26sprefix%3Diphone%2B14%252Caps%252C74%26sr%3D8-50-spons%26sp_csd%3Dd2lkZ2V0TmFtZT1zcF9hdGZfbmV4dA%26psc%3D1,2023-08-24 10:41:03
"Ulefone Smartphone Pas Cher 4G, 8Go+64Go Android 12 Note 14 Ecran Waterdrop 6,52"" Caméras13MP, 4500mAh Face ID,OTG,Volte/GPS / 2Ans Garantie Telephone Portable Pas Cher(Vert)",99.99,4.2,219,https://www.amazon.fr/sspa/click?ie=UTF8&spc=MToyMDUxOTA2OTg5MDk3NjAwOjE2OTI4NjY0NjI6c3BfYXRmX25leHQ6MzAwMDMxNDA5ODY0MjMyOjowOjo&url=%2FUlefone-Smartphone-Note-14-Cam%25C3%25A9ras13MP%2Fdp%2FB0BHQSZMWF%2Fref%3Dsr_1_51_sspa%3F__mk_fr_FR%3D%25C3%2585M%25C3%2585%25C5%25BD%25C3%2595%25C3%2591%26crid%3DUCBRMVJMBMGK%26keywords%3DiPhone%2B14%26qid%3D1692866462%26sprefix%3Diphone%2B14%252Caps%252C74%26sr%3D8-51-spons%26sp_csd%3Dd2lkZ2V0TmFtZT1zcF9hdGZfbmV4dA%26psc%3D1,2023-08-24 10:41:03
"OSCAL Telephone Portable(2023), C30 Smartphone Pas Cher, 7GO RAM+256Go ROM Extensible, Téléphone Portable avec 6,5"" HD+ Écran, Caméras 12+5MP, Batterie 5080 mAh, Android 12,Face ID/OTG",79.41,4.6,80,https://www.amazon.fr/sspa/click?ie=UTF8&spc=MToyMDUxOTA2OTg5MDk3NjAwOjE2OTI4NjY0NjI6c3BfYXRmX25leHQ6MzAwMDMxMzczNDYzMDMyOjowOjo&url=%2FOSCAL-Telephone-C30-Smartphone-Extensible%2Fdp%2FB0BZV2LKQX%2Fref%3Dsr_1_52_sspa%3F__mk_fr_FR%3D%25C3%2585M%25C3%2585%25C5%25BD%25C3%2595%25C3%2591%26crid%3DUCBRMVJMBMGK%26keywords%3DiPhone%2B14%26qid%3D1692866462%26sprefix%3Diphone%2B14%252Caps%252C74%26sr%3D8-52-spons%26sp_csd%3Dd2lkZ2V0TmFtZT1zcF9hdGZfbmV4dA%26psc%3D1,2023-08-24 10:41:03
Apple iPhone 11 Pro 64Go Or (Reconditionné),404.99,3.8,223,https://www.amazon.fr/Apple-iPhone-Pro-64GB-Reconditionn%C3%A9/dp/B082DJXKHG/ref=sr_1_53?__mk_fr_FR=%C3%85M%C3%85%C5%BD%C3%95%C3%91&crid=UCBRMVJMBMGK&keywords=iPhone+14&qid=1692866462&sprefix=iphone+14%2Caps%2C74&sr=8-53,2023-08-24 10:41:03
"ESR Coque Magnétique pour iPhone 14/iPhone 13, Compatible avec MagSafe, Hybrid Coque pour iPhone 14/13 avec HaloLock, Protection Antichoc Militaire, Dos Anti Rayures, Transparent",17.99,4.6,13350,https://www.amazon.fr/ESR-Compatible-Magn%C3%A9tique-Choc-R%C3%A9sistible-Transparent/dp/B099JVC9HL/ref=sr_1_54_mod_primary_new?__mk_fr_FR=%C3%85M%C3%85%C5%BD%C3%95%C3%91&crid=UCBRMVJMBMGK&keywords=iPhone+14&qid=1692866462&sbo=RZvfv%2F%2FHxDF%2BO5021pAnSA%3D%3D&sprefix=iphone+14%2Caps%2C74&sr=8-54,2023-08-24 10:41:03
"Apple iPhone 13, 128GB, Nuit - Débloqué (Reconditionné)",629.0,3.9,93,https://www.amazon.fr/Apple-iPhone-13-128-Reconditionn%C3%A9/dp/B09MGFJK73/ref=sr_1_55?__mk_fr_FR=%C3%85M%C3%85%C5%BD%C3%95%C3%91&crid=UCBRMVJMBMGK&keywords=iPhone+14&qid=1692866462&sprefix=iphone+14%2Caps%2C74&sr=8-55,2023-08-24 10:41:03
"Apple iPhone 13 Pro, 128GB, Vert Alpin - (Reconditionné)",835.0,4.7,30,https://www.amazon.fr/Apple-iPhone-128GB-Vert-Alpin/dp/B0BBPFDTNZ/ref=sr_1_56?__mk_fr_FR=%C3%85M%C3%85%C5%BD%C3%95%C3%91&crid=UCBRMVJMBMGK&keywords=iPhone+14&qid=1692866462&sprefix=iphone+14%2Caps%2C74&sr=8-56,2023-08-24 10:41:04
"Smartphone I14 Pro Max pour Android 11, écran UHD 6,1 Pouces, 4G RAM 32 Go ROM, Téléphone Portable Double Carte SIM 3G, Déverrouillage du Visage avec Appareil Photo 16MP, Or",70.36,1.0,4,https://www.amazon.fr/Smartphone-T%C3%A9l%C3%A9phone-Portable-D%C3%A9verrouillage-Appareil/dp/B0BVBN4VFW/ref=sr_1_57?__mk_fr_FR=%C3%85M%C3%85%C5%BD%C3%95%C3%91&crid=UCBRMVJMBMGK&keywords=iPhone+14&qid=1692866462&sprefix=iphone+14%2Caps%2C74&sr=8-57,2023-08-24 10:41:04
Apple iPhone 11 Pro 64Go Gris Sidéral (Reconditionné),418.0,4.5,5679,https://www.amazon.fr/Apple-iPhone-64GB-Sid%C3%A9ral-Reconditionn%C3%A9/dp/B082DK7PK2/ref=sr_1_58?__mk_fr_FR=%C3%85M%C3%85%C5%BD%C3%95%C3%91&crid=UCBRMVJMBMGK&keywords=iPhone+14&qid=1692866462&sprefix=iphone+14%2Caps%2C74&sr=8-58,2023-08-24 10:41:04
Apple iPhone 12 (128 Go) - Bleu,805.0,4.6,8615,https://www.amazon.fr/Apple-iPhone-Double-Bleu-Pixels/dp/B08L5W6XL6/ref=sr_1_49?__mk_fr_FR=%C3%85M%C3%85%C5%BD%C3%95%C3%91&crid=UCBRMVJMBMGK&keywords=iPhone+14&qid=1692866462&sprefix=iphone+14%2Caps%2C74&sr=8-49,2023-08-24 10:41:04
"Apple iPhone 12 mini, 64Go, Bleu - (Reconditionné)",375.0,3.7,2472,https://www.amazon.fr/Apple-iPhone-mini-64Go-Bleu/dp/B08PCD1417/ref=sr_1_50?__mk_fr_FR=%C3%85M%C3%85%C5%BD%C3%95%C3%91&crid=UCBRMVJMBMGK&keywords=iPhone+14&qid=1692866462&sprefix=iphone+14%2Caps%2C74&sr=8-50,2023-08-24 10:41:04
Apple iPhone 13 (512 Go) - Lumière stellaire,909.99,4.5,21,https://www.amazon.fr/Apple-iPhone-13-512-Go-Lumi%C3%A8re-stellaire/dp/B09G91BF37/ref=sr_1_51?__mk_fr_FR=%C3%85M%C3%85%C5%BD%C3%95%C3%91&crid=UCBRMVJMBMGK&keywords=iPhone+14&qid=1692866462&sprefix=iphone+14%2Caps%2C74&sr=8-51,2023-08-24 10:41:04
Apple iPhone 8 64Go Or (Reconditionné),169.0,4.1,21892,https://www.amazon.fr/Apple-iPhone-64-Reconditionn%C3%A9-Certifi%C3%A9/dp/B0798FPYHQ/ref=sr_1_52?__mk_fr_FR=%C3%85M%C3%85%C5%BD%C3%95%C3%91&crid=UCBRMVJMBMGK&keywords=iPhone+14&qid=1692866462&sprefix=iphone+14%2Caps%2C74&sr=8-52,2023-08-24 10:41:04
Samsung Galaxy A14 4G 64GB Black,154.9,4.2,443,https://www.amazon.fr/Samsung-Galaxy-A14-64GB-Black/dp/B0BYWB6R4N/ref=sr_1_53_mod_primary_new?__mk_fr_FR=%C3%85M%C3%85%C5%BD%C3%95%C3%91&crid=UCBRMVJMBMGK&keywords=iPhone+14&qid=1692866462&sbo=RZvfv%2F%2FHxDF%2BO5021pAnSA%3D%3D&sprefix=iphone+14%2Caps%2C74&sr=8-53,2023-08-24 10:41:04
Apple iPhone 13 (256 Go) - (Product) Red,909.0,4.5,182,https://www.amazon.fr/Apple-iPhone-13-256-Go-Product-Red/dp/B09G9G128R/ref=sr_1_54?__mk_fr_FR=%C3%85M%C3%85%C5%BD%C3%95%C3%91&crid=UCBRMVJMBMGK&keywords=iPhone+14&qid=1692866462&sprefix=iphone+14%2Caps%2C74&sr=8-54,2023-08-24 10:41:04
"Telephone Portable pas Cher 4G, i14Pro Max Smartphone pas Cher Android 11(Écran 6,1 Pouces HD, 4Go RAM + 64Go ROM, Double Caméra 8MP + 16MP, Double SIM, 4000mAh) 3 Slots Smartphone Android (Le Noir)",103.78,3.0,1,https://www.amazon.fr/Telephone-Portable-Smartphone-Android-4000mAh/dp/B0B6G2TQ6Y/ref=sr_1_55?__mk_fr_FR=%C3%85M%C3%85%C5%BD%C3%95%C3%91&crid=UCBRMVJMBMGK&keywords=iPhone+14&qid=1692866462&sprefix=iphone+14%2Caps%2C74&sr=8-55,2023-08-24 10:41:04
"Téléphone Portable 3G 6,1 Pouces, Smartphone Pas Cher I14 Pro Max, 1 Go de RAM 8 Go de ROM, Appareil Photo 2 MP + 5 MP, Face ID, pour Android 6.0, 4000 MAh, Bluetooth WIFI FM, Dual SIM (Or)(EU)",64.65,,,https://www.amazon.fr/T%C3%A9l%C3%A9phone-Portable-Smartphone-Appareil-Bluetooth/dp/B0BHXCZR33/ref=sr_1_56?__mk_fr_FR=%C3%85M%C3%85%C5%BD%C3%95%C3%91&crid=UCBRMVJMBMGK&keywords=iPhone+14&qid=1692866462&sprefix=iphone+14%2Caps%2C74&sr=8-56,2023-08-24 10:41:04
"DOOGEE X97 Pro(2023) Telephone Portable, 4GB+64GB Smartphone Pas Cher, Android 12 256GB(SD), 4200mAh Batterie, 6,0"" HD+ Smartphone debloqué 4G Double SIM, Double caméra 12MP, NFC/OTG/5G WiFi - Blue",79.99,4.2,449,https://www.amazon.fr/T%C3%A9l%C3%A9phone-Portable-DOOGEE-Support%C3%A9-Smartphone/dp/B0B428PF9H/ref=sr_1_57?__mk_fr_FR=%C3%85M%C3%85%C5%BD%C3%95%C3%91&crid=UCBRMVJMBMGK&keywords=iPhone+14&qid=1692866462&sprefix=iphone+14%2Caps%2C74&sr=8-57,2023-08-24 10:41:04
"Samsung Galaxy A13, Téléphone mobile 4G 64Go Noir, Carte SIM non incluse, smartphone Android, Version FR",161.88,4.4,1922,https://www.amazon.fr/Samsung-T%C3%A9l%C3%A9phone-Incluse-Smartphone-Android/dp/B09TPYW9C1/ref=sr_1_58?__mk_fr_FR=%C3%85M%C3%85%C5%BD%C3%95%C3%91&crid=UCBRMVJMBMGK&keywords=iPhone+14&qid=1692866462&sprefix=iphone+14%2Caps%2C74&sr=8-58,2023-08-24 10:41:04
"Samsung Galaxy A23, Téléphone Mobile 5G 128Go Noir, Carte SIM Non Incluse, Smartphone Android, Version FR",249.0,4.5,178,https://www.amazon.fr/Samsung-T%C3%A9l%C3%A9phone-Incluse-Smartphone-Android/dp/B0BVMJTV6R/ref=sr_1_59?__mk_fr_FR=%C3%85M%C3%85%C5%BD%C3%95%C3%91&crid=UCBRMVJMBMGK&keywords=iPhone+14&qid=1692866462&sprefix=iphone+14%2Caps%2C74&sr=8-59,2023-08-24 10:41:05
OUKITEL K16 Mini Smartphone 3.5 Pouces Android 13 Caméras 48MP+8MP 14GO(8+6) GO+128GO étendu 1TB téléphone 3050mAh Batterie Octa-Core 4G Double Style Entreprise de téléphone SIM Face ID/OTG/NFC Noir,199.99,4.2,18,https://www.amazon.fr/OUKITEL-K16-Smartphone-t%C3%A9l%C3%A9phone-Entreprise/dp/B0CB8LR18S/ref=sr_1_60?__mk_fr_FR=%C3%85M%C3%85%C5%BD%C3%95%C3%91&crid=UCBRMVJMBMGK&keywords=iPhone+14&qid=1692866462&sprefix=iphone+14%2Caps%2C74&sr=8-60,2023-08-24 10:41:05
"Apple iPhone 11, 64Go, (Product) Red (Reconditionné)",334.0,3.9,1205,https://www.amazon.fr/Apple-iPhone-11-Rouge-Reconditionn%C3%A9/dp/B082DN7RVM/ref=sr_1_61?__mk_fr_FR=%C3%85M%C3%85%C5%BD%C3%95%C3%91&crid=UCBRMVJMBMGK&keywords=iPhone+14&qid=1692866462&sprefix=iphone+14%2Caps%2C74&sr=8-61,2023-08-24 10:41:05
Apple iPhone 11 Pro 256Go Vert Nuit (Reconditionné),539.0,4.1,1378,https://www.amazon.fr/Apple-iPhone-256GB-Vert-Reconditionn%C3%A9/dp/B082DJNRLD/ref=sr_1_62?__mk_fr_FR=%C3%85M%C3%85%C5%BD%C3%95%C3%91&crid=UCBRMVJMBMGK&keywords=iPhone+14&qid=1692866462&sprefix=iphone+14%2Caps%2C74&sr=8-62,2023-08-24 10:41:05
Apple iPhone 12 Pro Max (128 GB) - Graphit,,4.7,333,https://www.amazon.fr/Apple-iPhone-Double-Graphite-Pixels/dp/B08L5VPW4P/ref=sr_1_63?__mk_fr_FR=%C3%85M%C3%85%C5%BD%C3%95%C3%91&crid=UCBRMVJMBMGK&keywords=iPhone+14&qid=1692866462&sprefix=iphone+14%2Caps%2C74&sr=8-63,2023-08-24 10:41:05
"Ulefone Android 13 Téléphone Note 16 Pro, Jusqu'à 16Go RAM+128Go ROM, 8MP+50MP, Smartphone Double SIM Débloqué, 6,52'' Ecran HD+,Batterie 4400mAh,Empreinte Digitale+Reconnaissance Faciale GPS Noir",137.17,4.4,78,https://www.amazon.fr/Ulefone-T%C3%A9l%C3%A9phone-16-Smartphone-Reconnaissance/dp/B0C3QZ9S4Q/ref=sr_1_64?__mk_fr_FR=%C3%85M%C3%85%C5%BD%C3%95%C3%91&crid=UCBRMVJMBMGK&keywords=iPhone+14&qid=1692866462&sprefix=iphone+14%2Caps%2C74&sr=8-64,2023-08-24 10:41:05
Apple iPhone XS Max 64Go - Gris Sidéral - Débloqué (Reconditionné),309.0,3.9,1787,https://www.amazon.fr/Apple-iPhone-XS-Gris-Sid%C3%A9ral-Reconditionn%C3%A9/dp/B07N9L1DXF/ref=sr_1_65?__mk_fr_FR=%C3%85M%C3%85%C5%BD%C3%95%C3%91&crid=UCBRMVJMBMGK&keywords=iPhone+14&qid=1692866462&sprefix=iphone+14%2Caps%2C74&sr=8-65,2023-08-24 10:41:05
Samsung Sam Galaxy A14 EU-64-4-4G-bk Galaxy A14 64/4GB Black,138.12,4.3,383,https://www.amazon.fr/Samsung-Sam-Galaxy-EU-64-4-4G-bk-Black/dp/B0BWS8CVVH/ref=sr_1_66?__mk_fr_FR=%C3%85M%C3%85%C5%BD%C3%95%C3%91&crid=UCBRMVJMBMGK&keywords=iPhone+14&qid=1692866462&sprefix=iphone+14%2Caps%2C74&sr=8-66,2023-08-24 10:41:05
"CUBOT P80 Telephone Portable (2023), Android 13 Smartphone, 16Go+256Go/1To, 6.58"" FHD+ Écran, 48MP+24MP Trois Caméras, 5200mAh Batterie, MT8788 Octa Core, Dual SIM 4G, Fingerprint/NFC/OTG",189.99,4.4,780,https://www.amazon.fr/CUBOT-Telephone-Portable-Smartphone-Fingerprint/dp/B0BZ864H3L/ref=sr_1_67?__mk_fr_FR=%C3%85M%C3%85%C5%BD%C3%95%C3%91&crid=UCBRMVJMBMGK&keywords=iPhone+14&qid=1692866462&sprefix=iphone+14%2Caps%2C74&sr=8-67,2023-08-24 10:41:05
"Bewinner Smartphone Débloqué I14 Pro Max 4G, Grand écran de 6,7 Pouces, Téléphone Portable à Déverrouillage Facial 4 Go 128 Go pour Android 12.0, Double Caméra 16MP 8MP, Double Emplacement(Le Noir)",117.74,3.1,8,https://www.amazon.fr/Bewinner-Smartphone-T%C3%A9l%C3%A9phone-D%C3%A9verrouillage-Emplacement/dp/B0BJF1GT72/ref=sr_1_68?__mk_fr_FR=%C3%85M%C3%85%C5%BD%C3%95%C3%91&crid=UCBRMVJMBMGK&keywords=iPhone+14&qid=1692866462&sprefix=iphone+14%2Caps%2C74&sr=8-68,2023-08-24 10:41:05
"Samsung Galaxy S23+ Smartphone Android 5G, 256 Go, Chargeur Secteur Rapide 25W Inclus [Exclusivité Amazon], Smartphone déverrouillé, Lavande, Version FR",1096.0,4.6,26,https://www.amazon.fr/Samsung-Smartphone-Chargeur-Exclusivit%C3%A9-d%C3%A9verrouill%C3%A9/dp/B0BQWBBCF1/ref=sr_1_69?__mk_fr_FR=%C3%85M%C3%85%C5%BD%C3%95%C3%91&crid=UCBRMVJMBMGK&keywords=iPhone+14&qid=1692866462&sprefix=iphone+14%2Caps%2C74&sr=8-69,2023-08-24 10:41:05
"Ulefone Note 14 Smartphone Pas Cher, Android 12 8Go+64Go-128Go Extensible Batterie 4500mAh, 6.52 Pouces HD+ et Caméra 13MP+5MP, 3 Slots/WiFi/Face ID/Dual SIM 4G Téléphones Portables Débloqués-Noir",99.99,3.9,64,https://www.amazon.fr/Ulefone-Note-14-Smartphone-D%C3%A9bloqu%C3%A9s-Noir/dp/B0BN53L2WY/ref=sr_1_70?__mk_fr_FR=%C3%85M%C3%85%C5%BD%C3%95%C3%91&crid=UCBRMVJMBMGK&keywords=iPhone+14&qid=1692866462&sprefix=iphone+14%2Caps%2C74&sr=8-70,2023-08-24 10:41:05
"Apple iPhone 13 Mini, 256Go, Bleu - (Reconditionné)",639.0,5.0,1,https://www.amazon.fr/Apple-iPhone-Mini-256Go-Bleu/dp/B09MJSCCCW/ref=sr_1_71?__mk_fr_FR=%C3%85M%C3%85%C5%BD%C3%95%C3%91&crid=UCBRMVJMBMGK&keywords=iPhone+14&qid=1692866462&sprefix=iphone+14%2Caps%2C74&sr=8-71,2023-08-24 10:41:06
Apple iPhone 13 (256 Go) - Lumière stellaire,913.0,4.6,110,https://www.amazon.fr/Apple-iPhone-13-256-Go-Lumi%C3%A8re-stellaire/dp/B09G91SS9V/ref=sr_1_72?__mk_fr_FR=%C3%85M%C3%85%C5%BD%C3%95%C3%91&crid=UCBRMVJMBMGK&keywords=iPhone+14&qid=1692866462&sprefix=iphone+14%2Caps%2C74&sr=8-72,2023-08-24 10:41:06
"Apple iPhone 13 Mini, 128Go, Bleu - (Reconditionné)",625.0,3.8,6,https://www.amazon.fr/Apple-iPhone-Mini-128Go-Bleu/dp/B09MJV1Z9S/ref=sr_1_73?__mk_fr_FR=%C3%85M%C3%85%C5%BD%C3%95%C3%91&crid=UCBRMVJMBMGK&keywords=iPhone+14&qid=1692866462&sprefix=iphone+14%2Caps%2C74&sr=8-73,2023-08-24 10:41:06
Apple 2022 iPhone SE (64 Go) - Minuit (3ᵉ génération),509.0,4.4,1110,https://www.amazon.fr/2022-Apple-iPhone-SE-g%C3%A9n%C3%A9ration/dp/B09V492SGL/ref=sr_1_74?__mk_fr_FR=%C3%85M%C3%85%C5%BD%C3%95%C3%91&crid=UCBRMVJMBMGK&keywords=iPhone+14&qid=1692866462&sprefix=iphone+14%2Caps%2C74&sr=8-74,2023-08-24 10:41:06
Apple iPhone 13 (512 Go) - Rose,1087.04,4.9,20,https://www.amazon.fr/Apple-MLQE3ZD-A-iPhone-13-512-Go/dp/B09G98RXFY/ref=sr_1_75?__mk_fr_FR=%C3%85M%C3%85%C5%BD%C3%95%C3%91&crid=UCBRMVJMBMGK&keywords=iPhone+14&qid=1692866462&sprefix=iphone+14%2Caps%2C74&sr=8-75,2023-08-24 10:41:06
"Bewinner Smartphone Débloqué I14 Pro Max 4G, Grand écran de 6,7 Pouces, Téléphone Portable à Déverrouillage Facial 4 Go 128 Go pour Android 12.0, Double Caméra 16MP 8MP, Double Emplacement SIM,(Or)",132.69,2.2,9,https://www.amazon.fr/Bewinner-Smartphone-T%C3%A9l%C3%A9phone-D%C3%A9verrouillage-Emplacement/dp/B0BJDZHNW4/ref=sr_1_76?__mk_fr_FR=%C3%85M%C3%85%C5%BD%C3%95%C3%91&crid=UCBRMVJMBMGK&keywords=iPhone+14&qid=1692866462&sprefix=iphone+14%2Caps%2C74&sr=8-76,2023-08-24 10:41:06
"Apple iPhone XR, 64Go, Noir (Reconditionné)",299.0,4.1,2119,https://www.amazon.fr/Apple-Iphone-XR-Noir-Reconditionn%C3%A9/dp/B07N9FFY52/ref=sr_1_77?__mk_fr_FR=%C3%85M%C3%85%C5%BD%C3%95%C3%91&crid=UCBRMVJMBMGK&keywords=iPhone+14&qid=1692866462&sprefix=iphone+14%2Caps%2C74&sr=8-77,2023-08-24 10:41:06
"Apple iPhone 11 - Noir, , 256 Go, (Reconditionné)",412.0,4.0,216,https://www.amazon.fr/Apple-iPhone-11-Noir-Reconditionn%C3%A9/dp/B082DN289G/ref=sr_1_78?__mk_fr_FR=%C3%85M%C3%85%C5%BD%C3%95%C3%91&crid=UCBRMVJMBMGK&keywords=iPhone+14&qid=1692866462&sprefix=iphone+14%2Caps%2C74&sr=8-78,2023-08-24 10:41:06
"OUKITEL Android 12 WP20 Pro Téléphone Incassable, 20MP Double Caméra IP68 Étanche Antichoc Smartphone, Octa Core 4Go 64Go, Batterie 6300mAh, 5.93'' HD+, Dual SIM, Déverrouillage du Visage, NFC Vert",171.99,4.1,52,https://www.amazon.fr/OUKITEL-WP20-Incassable-Smartphone-D%C3%A9verrouillage/dp/B0BFHX58R4/ref=sr_1_79?__mk_fr_FR=%C3%85M%C3%85%C5%BD%C3%95%C3%91&crid=UCBRMVJMBMGK&keywords=iPhone+14&qid=1692866462&sprefix=iphone+14%2Caps%2C74&sr=8-79,2023-08-24 10:41:06
"Apple iPhone 12, 256 Go, Mauve - (Reconditionné)",559.0,4.9,9,https://www.amazon.fr/Apple-iPhone-256-Mauve-Reconditionn%C3%A9/dp/B09MJMBS9X/ref=sr_1_80?__mk_fr_FR=%C3%85M%C3%85%C5%BD%C3%95%C3%91&crid=UCBRMVJMBMGK&keywords=iPhone+14&qid=1692866462&sprefix=iphone+14%2Caps%2C74&sr=8-80,2023-08-24 10:41:06
Apple iPhone 12 Mini (128 Go) - Blanc,,4.5,6919,https://www.amazon.fr/Apple-iPhone-Double-Blanc-Pixels/dp/B08L5VNTFG/ref=sr_1_81?__mk_fr_FR=%C3%85M%C3%85%C5%BD%C3%95%C3%91&crid=UCBRMVJMBMGK&keywords=iPhone+14&qid=1692866462&sprefix=iphone+14%2Caps%2C74&sr=8-81,2023-08-24 10:41:06
"Samsung Galaxy M12, Téléphone mobile 4G 64Go Noir, Carte SIM non incluse, smartphone Android, Version FR",,4.4,730,https://www.amazon.fr/Samsung-Galaxy-M12-Smartphone-Fran%C3%A7aise/dp/B093TH4PVF/ref=sr_1_82?__mk_fr_FR=%C3%85M%C3%85%C5%BD%C3%95%C3%91&crid=UCBRMVJMBMGK&keywords=iPhone+14&qid=1692866462&sprefix=iphone+14%2Caps%2C74&sr=8-82,2023-08-24 10:41:07
"I14 ProMax Smartphone, I14 Pro Max pour Android 12 4G Network Face Recognition Cellphone, 4GB RAM 128GB ROM 4000mah Battery,MTK6737 And Up To 2.0GHz Chip,Front Camera 8MP Rear Camera 16MP(Bleu)",117.64,2.1,23,https://www.amazon.fr/Smartphone-Android-Network-Recognition-Cellphone/dp/B0BHZFRF3D/ref=sr_1_83?__mk_fr_FR=%C3%85M%C3%85%C5%BD%C3%95%C3%91&crid=UCBRMVJMBMGK&keywords=iPhone+14&qid=1692866462&sprefix=iphone+14%2Caps%2C74&sr=8-83,2023-08-24 10:41:07
"Blackview BV5300Pro Telephone Portable Incassable Android 12, 7Go+64Go ROM/TF-1To, 6580mAh Batterie, 13MP+8MP Caméra, 6.1''HD+ 2.3GHz Octa Core Smartphone Incassable, Dual SIM/Face ID/NFC/GPS",159.99,4.2,176,https://www.amazon.fr/Blackview-BV5300Pro-Telephone-Incassable-Smartphone/dp/B0BZRSGGWV/ref=sr_1_84?__mk_fr_FR=%C3%85M%C3%85%C5%BD%C3%95%C3%91&crid=UCBRMVJMBMGK&keywords=iPhone+14&qid=1692866462&sprefix=iphone+14%2Caps%2C74&sr=8-84,2023-08-24 10:41:07
Apple iPhone 13 Pro (256 Go) - Bleu Alpin,,4.5,3007,https://www.amazon.fr/Apple-iPhone-13-Pro-256-Go-Bleu-Alpin/dp/B09G9LN6YB/ref=sr_1_85?__mk_fr_FR=%C3%85M%C3%85%C5%BD%C3%95%C3%91&crid=UCBRMVJMBMGK&keywords=iPhone+14&qid=1692866462&sprefix=iphone+14%2Caps%2C74&sr=8-85,2023-08-24 10:41:07
"CUBOT Kingkong 9 Téléphone Portable Incassable 2023 Android 13, Smartphone 6,5 Pouces 120Hz, 24Go+256Go/1TO Extensible, 100MP+32MP, Batterie 10600mAh, Octa-Core 2.2Ghz/NFC/OTG/Face ID/GPS/4G Dual SIM",249.99,4.6,31,https://www.amazon.fr/CUBOT-T%C3%A9l%C3%A9phone-Incassable-Smartphone-Extensible/dp/B0C818XP65/ref=sr_1_86?__mk_fr_FR=%C3%85M%C3%85%C5%BD%C3%95%C3%91&crid=UCBRMVJMBMGK&keywords=iPhone+14&qid=1692866462&sprefix=iphone+14%2Caps%2C74&sr=8-86,2023-08-24 10:41:07
"Apple iPhone 13 Mini, 128Go, Rose - (Reconditionné)",569.0,5.0,2,https://www.amazon.fr/Apple-iPhone-Mini-128Go-Rose/dp/B09MJTBN9X/ref=sr_1_87?__mk_fr_FR=%C3%85M%C3%85%C5%BD%C3%95%C3%91&crid=UCBRMVJMBMGK&keywords=iPhone+14&qid=1692866462&sprefix=iphone+14%2Caps%2C74&sr=8-87,2023-08-24 10:41:07
"Redmi Note 12 Pro+ 5G - Smartphone, Écran AMOLED 120Hz fluide et immersif avec Dolby Vision, Caméra 200MP ultime avec OIS, 2j d'autonomie, Charge complète en 19 min, Noir 8+256GB - Version FR",499.9,4.3,177,https://www.amazon.fr/Redmi-Note-Pro-Smartphone-dautonomie/dp/B0BWJT9G1X/ref=sr_1_88?__mk_fr_FR=%C3%85M%C3%85%C5%BD%C3%95%C3%91&crid=UCBRMVJMBMGK&keywords=iPhone+14&qid=1692866462&sprefix=iphone+14%2Caps%2C74&sr=8-88,2023-08-24 10:41:07
Samsung A135F/DSN Galaxy A13 unlocked Dual SIM (6.6'' - 3/32GB) Blue,144.7,4.4,681,https://www.amazon.fr/Samsung-A135F-DSN-Galaxy-Dual/dp/B09SHVZS4M/ref=sr_1_89?__mk_fr_FR=%C3%85M%C3%85%C5%BD%C3%95%C3%91&crid=UCBRMVJMBMGK&keywords=iPhone+14&qid=1692866462&sprefix=iphone+14%2Caps%2C74&sr=8-89,2023-08-24 10:41:07
Google Pixel 7a et chargeur – Smartphone Android 5G débloqué avec objectif grand angle et 24 heures d'autonomie – Charbon,479.0,4.2,283,https://www.amazon.fr/Google-Pixel-chargeur-Smartphone-dautonomie/dp/B0BZYNGVDK/ref=sr_1_90?__mk_fr_FR=%C3%85M%C3%85%C5%BD%C3%95%C3%91&crid=UCBRMVJMBMGK&keywords=iPhone+14&qid=1692866462&sprefix=iphone+14%2Caps%2C74&sr=8-90,2023-08-24 10:41:07
"FOSSIBOT 10600mAh Batterie Smartphone Incassable F101, Haut-Parleur 3.5W Max, 24MP Caméra, IP68 Etanche Téléphone, Quad Core 4GB 64GB, Android 12, 5.45 '' HD+, Dual SIM, Empreinte Digitale, GPS Noir",149.99,4.3,48,https://www.amazon.fr/sspa/click?ie=UTF8&spc=MToyMDUxOTA2OTg5MDk3NjAwOjE2OTI4NjY0NjI6c3BfYnRmOjIwMTYxODAxMDcwMzk4OjowOjo&url=%2FFOSSIBOT-Smartphone-Incassable-F101-Haut-Parleur%2Fdp%2FB0BZKQQ7BZ%2Fref%3Dsr_1_91_sspa%3F__mk_fr_FR%3D%25C3%2585M%25C3%2585%25C5%25BD%25C3%2595%25C3%2591%26crid%3DUCBRMVJMBMGK%26keywords%3DiPhone%2B14%26qid%3D1692866462%26sprefix%3Diphone%2B14%252Caps%252C74%26sr%3D8-91-spons%26sp_csd%3Dd2lkZ2V0TmFtZT1zcF9idGY%26psc%3D1,2023-08-24 10:41:07
"Telephone Portable, OSCAL C80 4G Smartphone 8Go+128Go, 6.517"" Écran 90Hz LCD, Unisoc T606, Caméra 50MP +8MP, Batterie 5180mAh & Chargement Rapide 18W, Dual SIM",119.99,3.7,420,https://www.amazon.fr/sspa/click?ie=UTF8&spc=MToyMDUxOTA2OTg5MDk3NjAwOjE2OTI4NjY0NjI6c3BfYnRmOjIwMTU3Mzc2MjU3NDk4OjowOjo&url=%2FTelephone-OSCAL-C80-Smartphone-Chargement%2Fdp%2FB0BD87WXSX%2Fref%3Dsr_1_92_sspa%3F__mk_fr_FR%3D%25C3%2585M%25C3%2585%25C5%25BD%25C3%2595%25C3%2591%26crid%3DUCBRMVJMBMGK%26keywords%3DiPhone%2B14%26qid%3D1692866462%26sprefix%3Diphone%2B14%252Caps%252C74%26sr%3D8-92-spons%26sp_csd%3Dd2lkZ2V0TmFtZT1zcF9idGY%26psc%3D1,2023-08-24 10:41:07
"DOOGEE V30T Telephone Portable Incassable 5G, 20GB+256GB, 10800mAh/66W, 108MP Triple Caméra+Vision Nocturne, 6.58"" 120Hz, Dimensity 1080 Android 12 Smartphone Incassable, NFC/OTG/IP68/WIFI 6-Marbré",417.05,4.6,63,https://www.amazon.fr/sspa/click?ie=UTF8&spc=MToyMDUxOTA2OTg5MDk3NjAwOjE2OTI4NjY0NjI6c3BfYnRmOjMwMDAyOTc5ODgyODQzMjo6MDo6&url=%2FDOOGEE-V10-Smartphone%2Fdp%2FB0B1VDPHCB%2Fref%3Dsr_1_93_sspa%3F__mk_fr_FR%3D%25C3%2585M%25C3%2585%25C5%25BD%25C3%2595%25C3%2591%26crid%3DUCBRMVJMBMGK%26keywords%3DiPhone%2B14%26qid%3D1692866462%26sprefix%3Diphone%2B14%252Caps%252C74%26sr%3D8-93-spons%26sp_csd%3Dd2lkZ2V0TmFtZT1zcF9idGY%26psc%3D1,2023-08-24 10:41:07
"Ulefone Android 13 Note 16 Pro (16Go+256Go) Smartphone 4G 8-Core Telephone Portable Debloque 6.52HD+,50MP+8MP+2MP Camera 4400mAh Batteria 5G WiFi/Volte/GPS/OTG/2 Ans Garantie(Violet)",179.99,4.1,36,https://www.amazon.fr/sspa/click?ie=UTF8&spc=MToyMDUxOTA2OTg5MDk3NjAwOjE2OTI4NjY0NjI6c3BfYnRmOjMwMDAxMzM0NTkyMTQzMjo6MDo6&url=%2FUlefone-Note-Pro-16Go-256Go%2Fdp%2FB0C73F3SSZ%2Fref%3Dsr_1_94_sspa%3F__mk_fr_FR%3D%25C3%2585M%25C3%2585%25C5%25BD%25C3%2595%25C3%2591%26crid%3DUCBRMVJMBMGK%26keywords%3DiPhone%2B14%26qid%3D1692866462%26sprefix%3Diphone%2B14%252Caps%252C74%26sr%3D8-94-spons%26sp_csd%3Dd2lkZ2V0TmFtZT1zcF9idGY%26psc%3D1,2023-08-24 10:41:07
"Ulefone Android 12 4G Smartphone Incassable Armor X6 Pro, 4Go+32Go, 5,0"" IP68 Robuste Téléphone Débloqué, Double SIM, Double Caméra 13MP, Batterie 4000mAh, Déverrouillage du Visage, GPS NFC FM Noir",128.24,4.3,104,https://www.amazon.fr/sspa/click?ie=UTF8&spc=MToyMDUxOTA2OTg5MDk3NjAwOjE2OTI4NjY0NjI6c3BfYnRmOjIwMTI2OTM2NTA3ODk4OjowOjo&url=%2FUlefone-Smartphone-Incassable-X6-D%25C3%25A9verrouillage%2Fdp%2FB0B6QY1DTK%2Fref%3Dsr_1_95_sspa%3F__mk_fr_FR%3D%25C3%2585M%25C3%2585%25C5%25BD%25C3%2595%25C3%2591%26crid%3DUCBRMVJMBMGK%26keywords%3DiPhone%2B14%26qid%3D1692866462%26sprefix%3Diphone%2B14%252Caps%252C74%26sr%3D8-95-spons%26sp_csd%3Dd2lkZ2V0TmFtZT1zcF9idGY%26psc%3D1,2023-08-24 10:41:08
"Ulefone Android 13 Note 16 Pro, 16Go+128Go Smartphone 4G 8-Core Telephone Portable Debloque 6.52HD+,50MP+8MP+2MP Camera 4400mAh Batteria 5G WiFi/Volte/GPS/OTG/2 Ans Garantie(Violet)",159.99,4.0,103,https://www.amazon.fr/sspa/click?ie=UTF8&spc=MToyMDUxOTA2OTg5MDk3NjAwOjE2OTI4NjY0NjI6c3BfYnRmOjIwMTYyMjA0NjQxNzk4OjowOjo&url=%2FUlefone-Note-16-Pro-Smartphone%2Fdp%2FB0C3772N5K%2Fref%3Dsr_1_96_sspa%3F__mk_fr_FR%3D%25C3%2585M%25C3%2585%25C5%25BD%25C3%2595%25C3%2591%26crid%3DUCBRMVJMBMGK%26keywords%3DiPhone%2B14%26qid%3D1692866462%26sprefix%3Diphone%2B14%252Caps%252C74%26sr%3D8-96-spons%26sp_csd%3Dd2lkZ2V0TmFtZT1zcF9idGY%26psc%3D1,2023-08-24 10:41:08
"Apple iPhone 13, 128GB, Vert - (Reconditionné)",682.0,4.3,46,https://www.amazon.fr/sspa/click?ie=UTF8&spc=MToyMDUxOTA2OTg5MDk3NjAwOjE2OTI4NjY0NjI6c3BfYnRmOjIwMTExNTk2ODA4ODk4OjowOjo&url=%2FApple-iPhone-128GB-Vert-Reconditionn%25C3%25A9%2Fdp%2FB0BBPGSSFZ%2Fref%3Dsr_1_97_sspa%3F__mk_fr_FR%3D%25C3%2585M%25C3%2585%25C5%25BD%25C3%2595%25C3%2591%26crid%3DUCBRMVJMBMGK%26keywords%3DiPhone%2B14%26qid%3D1692866462%26sprefix%3Diphone%2B14%252Caps%252C74%26sr%3D8-97-spons%26sp_csd%3Dd2lkZ2V0TmFtZT1zcF9idGY%26psc%3D1,2023-08-24 10:41:08
"Ulefone Note 9P Telephones Portable Pas Cher, Octa-Core 4Go + 64Go/256Go Extensible, Caméra 16MP+8MP écran 6,52"" Pouces, Batterie 4500 mAh, Dual SIM 4G Smartphone Débloqués Pas Cher - Bleu Dégradé",99.99,3.9,289,https://www.amazon.fr/sspa/click?ie=UTF8&spc=MToyMDUxOTA2OTg5MDk3NjAwOjE2OTI4NjY0NjI6c3BfYnRmOjMwMDAyNDQzNTU0MDQzMjo6MDo6&url=%2FUlefone-T%25C3%25A9l%25C3%25A9phones-Portables-9P-Smartphone%2Fdp%2FB0BD4LJSJG%2Fref%3Dsr_1_98_sspa%3F__mk_fr_FR%3D%25C3%2585M%25C3%2585%25C5%25BD%25C3%2595%25C3%2591%26crid%3DUCBRMVJMBMGK%26keywords%3DiPhone%2B14%26qid%3D1692866462%26sprefix%3Diphone%2B14%252Caps%252C74%26sr%3D8-98-spons%26sp_csd%3Dd2lkZ2V0TmFtZT1zcF9idGY%26psc%3D1,2023-08-24 10:41:08
